No;Study;Person;Rater;Criterion;Score;Group
1;OperationalExample;P001;R01;Language;4;A
2;OperationalExample;P001;R01;Organization;2;A
3;OperationalExample;P001;R02;Content;4;A
4;OperationalExample;P001;R02;Language;3;A
5;OperationalExample;P001;R02;Organization;2;A
6;OperationalExample;P002;R01;Content;3;A
7;OperationalExample;P002;R01;Language;4;A
8;OperationalExample;P002;R01;Organization;4;A
9;OperationalExample;P002;R02;Content;2;A
10;OperationalExample;P002;R02;Language;3;A
11;OperationalExample;P002;R02;Organization;4;A
12;OperationalExample;P003;R01;Content;4;A
13;OperationalExample;P003;R01;Language;3;A
14;OperationalExample;P003;R01;Organization;1;A
15;OperationalExample;P003;R02;Content;4;A
16;OperationalExample;P003;R02;Language;2;A
17;OperationalExample;P003;R02;Organization;3;A
18;OperationalExample;P004;R01;Content;3;A
19;OperationalExample;P004;R01;Language;2;A
20;OperationalExample;P004;R01;Organization;3;A
21;OperationalExample;P004;R02;Content;4;A
22;OperationalExample;P004;R02;Language;2;A
23;OperationalExample;P004;R02;Organization;4;A
24;OperationalExample;P005;R01;Content;4;A
25;OperationalExample;P005;R01;Language;3;A
26;OperationalExample;P005;R01;Organization;3;A
27;OperationalExample;P005;R02;Content;2;A
28;OperationalExample;P005;R02;Language;2;A
29;OperationalExample;P005;R02;Organization;2;A
30;OperationalExample;P006;R01;Content;3;B
31;OperationalExample;P006;R01;Language;3;B
32;OperationalExample;P006;R01;Organization;4;B
33;OperationalExample;P006;R02;Content;4;B
34;OperationalExample;P006;R02;Language;3;B
35;OperationalExample;P007;R01;Content;3;B
36;OperationalExample;P007;R01;Language;2;B
37;OperationalExample;P007;R01;Organization;1;B
38;OperationalExample;P007;R02;Content;2;B
39;OperationalExample;P007;R02;Language;2;B
40;OperationalExample;P007;R02;Organization;2;B
41;OperationalExample;P008;R01;Content;3;B
42;OperationalExample;P008;R01;Language;2;B
43;OperationalExample;P008;R01;Organization;2;B
44;OperationalExample;P008;R02;Content;3;B
45;OperationalExample;P008;R02;Language;3;B
46;OperationalExample;P008;R02;Organization;2;B
47;OperationalExample;P009;R01;Content;2;B
48;OperationalExample;P009;R01;Language;3;B
49;OperationalExample;P009;R01;Organization;3;B
50;OperationalExample;P009;R02;Content;2;B
51;OperationalExample;P009;R02;Language;1;B
52;OperationalExample;P009;R02;Organization;3;B
53;OperationalExample;P010;R01;Content;4;B
54;OperationalExample;P010;R01;Language;3;B
55;OperationalExample;P010;R01;Organization;3;B
56;OperationalExample;P010;R02;Content;2;B
57;OperationalExample;P010;R02;Language;2;B
58;OperationalExample;P010;R02;Organization;2;B
59;OperationalExample;P011;R02;Content;3;A
60;OperationalExample;P011;R02;Language;3;A
61;OperationalExample;P011;R02;Organization;2;A
62;OperationalExample;P011;R03;Content;3;A
63;OperationalExample;P011;R03;Organization;1;A
64;OperationalExample;P012;R02;Content;2;A
65;OperationalExample;P012;R02;Language;2;A
66;OperationalExample;P012;R02;Organization;1;A
67;OperationalExample;P012;R03;Content;3;A
68;OperationalExample;P012;R03;Language;1;A
69;OperationalExample;P012;R03;Organization;4;A
70;OperationalExample;P013;R02;Content;2;A
71;OperationalExample;P013;R02;Language;4;A
72;OperationalExample;P013;R02;Organization;4;A
73;OperationalExample;P013;R03;Content;3;A
74;OperationalExample;P013;R03;Language;4;A
75;OperationalExample;P013;R03;Organization;2;A
76;OperationalExample;P014;R02;Content;3;A
77;OperationalExample;P014;R02;Language;2;A
78;OperationalExample;P014;R02;Organization;1;A
79;OperationalExample;P014;R03;Content;1;A
80;OperationalExample;P014;R03;Language;1;A
81;OperationalExample;P014;R03;Organization;1;A
82;OperationalExample;P015;R02;Content;4;A
83;OperationalExample;P015;R02;Language;4;A
84;OperationalExample;P015;R02;Organization;4;A
85;OperationalExample;P015;R03;Content;4;A
86;OperationalExample;P015;R03;Language;3;A
87;OperationalExample;P015;R03;Organization;3;A
88;OperationalExample;P016;R02;Content;1;B
89;OperationalExample;P016;R02;Language;1;B
90;OperationalExample;P016;R02;Organization;4;B
91;OperationalExample;P016;R03;Content;1;B
92;OperationalExample;P016;R03;Language;1;B
93;OperationalExample;P016;R03;Organization;1;B
94;OperationalExample;P017;R02;Content;3;B
95;OperationalExample;P017;R02;Language;2;B
96;OperationalExample;P017;R02;Organization;2;B
97;OperationalExample;P017;R03;Content;2;B
98;OperationalExample;P017;R03;Language;1;B
99;OperationalExample;P017;R03;Organization;2;B
100;OperationalExample;P018;R02;Content;3;B
101;OperationalExample;P018;R02;Language;4;B
102;OperationalExample;P018;R02;Organization;1;B
103;OperationalExample;P018;R03;Content;2;B
104;OperationalExample;P018;R03;Language;1;B
105;OperationalExample;P018;R03;Organization;2;B
106;OperationalExample;P019;R02;Content;3;B
107;OperationalExample;P019;R02;Language;3;B
108;OperationalExample;P019;R02;Organization;3;B
109;OperationalExample;P019;R03;Content;2;B
110;OperationalExample;P019;R03;Language;4;B
111;OperationalExample;P019;R03;Organization;3;B
112;OperationalExample;P020;R03;Content;2;A
113;OperationalExample;P020;R03;Language;2;A
114;OperationalExample;P020;R03;Organization;1;A
115;OperationalExample;P020;R04;Content;3;A
116;OperationalExample;P020;R04;Language;2;A
117;OperationalExample;P020;R04;Organization;3;A
118;OperationalExample;P021;R03;Content;3;A
119;OperationalExample;P021;R03;Language;4;A
120;OperationalExample;P021;R03;Organization;2;A
121;OperationalExample;P021;R04;Content;1;A
122;OperationalExample;P021;R04;Language;3;A
123;OperationalExample;P021;R04;Organization;3;A
124;OperationalExample;P022;R03;Content;3;A
125;OperationalExample;P022;R03;Language;2;A
126;OperationalExample;P022;R03;Organization;2;A
127;OperationalExample;P022;R04;Content;3;A
128;OperationalExample;P022;R04;Language;2;A
129;OperationalExample;P022;R04;Organization;2;A
130;OperationalExample;P023;R03;Content;1;A
131;OperationalExample;P023;R03;Language;2;A
132;OperationalExample;P023;R03;Organization;1;A
133;OperationalExample;P023;R04;Content;2;A
134;OperationalExample;P023;R04;Language;1;A
135;OperationalExample;P023;R04;Organization;2;A
136;OperationalExample;P024;R03;Content;1;B
137;OperationalExample;P024;R03;Language;4;B
138;OperationalExample;P024;R03;Organization;2;B
139;OperationalExample;P024;R04;Language;3;B
140;OperationalExample;P024;R04;Organization;2;B
141;OperationalExample;P025;R03;Content;3;B
142;OperationalExample;P025;R03;Language;4;B
143;OperationalExample;P025;R03;Organization;4;B
144;OperationalExample;P025;R04;Content;2;B
145;OperationalExample;P025;R04;Language;1;B
146;OperationalExample;P025;R04;Organization;4;B
147;OperationalExample;P026;R03;Content;2;B
148;OperationalExample;P026;R03;Language;2;B
149;OperationalExample;P026;R03;Organization;2;B
150;OperationalExample;P026;R04;Content;3;B
151;OperationalExample;P026;R04;Language;2;B
152;OperationalExample;P026;R04;Organization;2;B
153;OperationalExample;P027;R03;Content;3;B
154;OperationalExample;P027;R03;Language;3;B
155;OperationalExample;P027;R03;Organization;4;B
156;OperationalExample;P027;R04;Content;2;B
157;OperationalExample;P027;R04;Language;3;B
158;OperationalExample;P027;R04;Organization;4;B
159;OperationalExample;P028;R04;Content;2;A
160;OperationalExample;P028;R04;Language;1;A
161;OperationalExample;P028;R04;Organization;3;A
162;OperationalExample;P028;R05;Content;2;A
163;OperationalExample;P028;R05;Language;3;A
164;OperationalExample;P029;R04;Content;1;A
165;OperationalExample;P029;R04;Language;1;A
166;OperationalExample;P029;R04;Organization;1;A
167;OperationalExample;P029;R05;Content;2;A
168;OperationalExample;P029;R05;Language;1;A
169;OperationalExample;P029;R05;Organization;2;A
170;OperationalExample;P030;R04;Content;4;A
171;OperationalExample;P030;R04;Language;4;A
172;OperationalExample;P030;R04;Organization;3;A
173;OperationalExample;P030;R05;Content;4;A
174;OperationalExample;P030;R05;Language;2;A
175;OperationalExample;P030;R05;Organization;3;A
176;OperationalExample;P031;R04;Content;3;A
177;OperationalExample;P031;R04;Language;3;A
178;OperationalExample;P031;R04;Organization;1;A
179;OperationalExample;P031;R05;Content;3;A
180;OperationalExample;P031;R05;Language;3;A
181;OperationalExample;P031;R05;Organization;3;A
182;OperationalExample;P032;R04;Content;1;B
183;OperationalExample;P032;R04;Language;2;B
184;OperationalExample;P032;R04;Organization;1;B
185;OperationalExample;P032;R05;Content;1;B
186;OperationalExample;P032;R05;Language;1;B
187;OperationalExample;P032;R05;Organization;1;B
188;OperationalExample;P033;R04;Content;2;B
189;OperationalExample;P033;R04;Language;1;B
190;OperationalExample;P033;R04;Organization;1;B
191;OperationalExample;P033;R05;Content;2;B
192;OperationalExample;P033;R05;Language;1;B
193;OperationalExample;P033;R05;Organization;1;B
194;OperationalExample;P034;R04;Content;3;B
195;OperationalExample;P034;R04;Language;4;B
196;OperationalExample;P034;R04;Organization;2;B
197;OperationalExample;P034;R05;Content;3;B
198;OperationalExample;P034;R05;Language;3;B
199;OperationalExample;P034;R05;Organization;2;B
200;OperationalExample;P035;R04;Content;3;B
201;OperationalExample;P035;R04;Language;3;B
202;OperationalExample;P035;R04;Organization;3;B
203;OperationalExample;P035;R05;Content;3;B
204;OperationalExample;P035;R05;Language;2;B
205;OperationalExample;P035;R05;Organization;2;B
206;OperationalExample;P036;R05;Content;4;A
207;OperationalExample;P036;R05;Language;3;A
208;OperationalExample;P036;R05;Organization;4;A
209;OperationalExample;P036;R06;Content;2;A
210;OperationalExample;P036;R06;Language;4;A
211;OperationalExample;P036;R06;Organization;3;A
212;OperationalExample;P037;R05;Content;2;A
213;OperationalExample;P037;R05;Language;1;A
214;OperationalExample;P037;R05;Organization;2;A
215;OperationalExample;P037;R06;Content;1;A
216;OperationalExample;P037;R06;Language;1;A
217;OperationalExample;P037;R06;Organization;1;A
218;OperationalExample;P038;R05;Content;4;A
219;OperationalExample;P038;R05;Language;3;A
220;OperationalExample;P038;R05;Organization;1;A
221;OperationalExample;P038;R06;Content;3;A
222;OperationalExample;P038;R06;Language;2;A
223;OperationalExample;P038;R06;Organization;2;A
224;OperationalExample;P039;R05;Content;3;B
225;OperationalExample;P039;R05;Language;3;B
226;OperationalExample;P039;R05;Organization;1;B
227;OperationalExample;P039;R06;Content;2;B
228;OperationalExample;P039;R06;Organization;1;B
229;OperationalExample;P040;R05;Content;2;B
230;OperationalExample;P040;R05;Language;1;B
231;OperationalExample;P040;R05;Organization;1;B
232;OperationalExample;P040;R06;Content;1;B
233;OperationalExample;P040;R06;Language;1;B
234;OperationalExample;P040;R06;Organization;2;B
235;OperationalExample;P041;R05;Content;2;B
236;OperationalExample;P041;R05;Language;1;B
237;OperationalExample;P041;R05;Organization;1;B
238;OperationalExample;P041;R06;Content;2;B
239;OperationalExample;P041;R06;Language;1;B
240;OperationalExample;P041;R06;Organization;2;B
241;OperationalExample;P042;R05;Content;3;B
242;OperationalExample;P042;R05;Language;2;B
243;OperationalExample;P042;R05;Organization;1;B
244;OperationalExample;P042;R06;Content;2;B
245;OperationalExample;P042;R06;Language;2;B
246;OperationalExample;P042;R06;Organization;2;B
247;OperationalExample;P043;R01;Content;2;A
248;OperationalExample;P043;R01;Language;1;A
249;OperationalExample;P043;R01;Organization;3;A
250;OperationalExample;P043;R06;Content;3;A
251;OperationalExample;P043;R06;Language;2;A
252;OperationalExample;P043;R06;Organization;2;A
253;OperationalExample;P044;R01;Content;2;A
254;OperationalExample;P044;R01;Language;3;A
255;OperationalExample;P044;R01;Organization;3;A
256;OperationalExample;P044;R06;Content;2;A
257;OperationalExample;P044;R06;Language;1;A
258;OperationalExample;P044;R06;Organization;1;A
259;OperationalExample;P045;R01;Content;4;A
260;OperationalExample;P045;R01;Language;4;A
261;OperationalExample;P045;R01;Organization;4;A
262;OperationalExample;P045;R06;Content;4;A
263;OperationalExample;P045;R06;Language;4;A
264;OperationalExample;P045;R06;Organization;2;A
265;OperationalExample;P046;R01;Content;3;B
266;OperationalExample;P046;R01;Language;2;B
267;OperationalExample;P046;R01;Organization;2;B
268;OperationalExample;P046;R06;Content;3;B
269;OperationalExample;P046;R06;Language;2;B
270;OperationalExample;P046;R06;Organization;1;B
271;OperationalExample;P047;R01;Content;2;B
272;OperationalExample;P047;R01;Language;1;B
273;OperationalExample;P047;R01;Organization;2;B
274;OperationalExample;P047;R06;Content;2;B
275;OperationalExample;P047;R06;Language;2;B
276;OperationalExample;P047;R06;Organization;1;B
277;OperationalExample;P048;R01;Content;4;B
278;OperationalExample;P048;R01;Language;2;B
279;OperationalExample;P048;R01;Organization;2;B
280;OperationalExample;P048;R06;Content;3;B
281;OperationalExample;P048;R06;Language;1;B
282;OperationalExample;P048;R06;Organization;4;B
